student_id,name,gender,grade,class,height,measure_date
20231010001,丁文,男,高一,1,173.2,2024-03-15
20231040002,周杰,男,高一,4,169.1,2024-03-15
20231100003,冯磊,男,高一,10,174.2,2024-03-15
20231020004,朱宇,男,高一,2,179.9,2024-03-15
20231090005,马云,男,高一,9,168.5,2024-03-15
20231040006,邓璐,女,高一,4,158.7,2024-03-15
20231010007,任婷,女,高一,1,168.7,2024-03-15
20231060008,高玲,女,高一,6,164.2,2024-03-15
20231060009,黄勇,男,高一,6,166.9,2024-03-15
20231020010,谢蓉,女,高一,2,163.0,2024-03-15
20231010011,吕茹,女,高一,1,157.5,2024-03-15
20231070012,杨天,男,高一,7,167.0,2024-03-15
20231100013,宋彤,女,高一,10,161.3,2024-03-15
20231020014,李宇,男,高一,2,157.6,2024-03-15
20231020015,胡娟,女,高一,2,150.5,2024-03-15
20231050016,曹月,女,高一,5,156.9,2024-03-15
20231060017,谢辉,男,高一,6,163.4,2024-03-15
20231020018,蒋婷,女,高一,2,161.7,2024-03-15
20231030019,曹晨,男,高一,3,164.1,2024-03-15
20231090020,胡欣,女,高一,9,152.2,2024-03-15
20231040021,李刚,男,高一,4,179.5,2024-03-15
20231050022,陈慧,女,高一,5,158.8,2024-03-15
20231040023,杜梅,女,高一,4,160.4,2024-03-15
20231080024,吴华,女,高一,8,152.2,2024-03-15
20231040025,丁天,男,高一,4,166.5,2024-03-15
20231100026,冯璐,女,高一,10,160.6,2024-03-15
20231060027,胡平,女,高一,6,153.7,2024-03-15
20231020028,任静,女,高一,2,162.1,2024-03-15
20231030029,余俊,男,高一,3,166.1,2024-03-15
20231100030,陈莹,女,高一,10,158.4,2024-03-15
20231100031,曹薇,女,高一,10,156.7,2024-03-15
20231090032,张霞,女,高一,9,170.2,2024-03-15
20231060033,赵洁,女,高一,6,159.9,2024-03-15
20231030034,曹芳,女,高一,3,154.2,2024-03-15
20231090035,任雪,女,高一,9,164.5,2024-03-15
20231050036,余鑫,男,高一,5,162.1,2024-03-15
20231030037,宋俊,男,高一,3,171.4,2024-03-15
20231100038,郑飞,男,高一,10,157.3,2024-03-15
20231020039,宋龙,男,高一,2,161.4,2024-03-15
20231010040,郭宁,男,高一,1,171.3,2024-03-15
20231020041,吕飞,男,高一,2,174.8,2024-03-15
20231090042,沈明,男,高一,9,171.1,2024-03-15
20231080043,袁俊,男,高一,8,169.2,2024-03-15
20231090044,蒋瑶,女,高一,9,158.3,2024-03-15
20231090045,任建,男,高一,9,160.4,2024-03-15
20231070046,叶月,女,高一,7,156.0,2024-03-15
20231090047,邓霞,女,高一,9,157.5,2024-03-15
20231040048,陈毅,男,高一,4,176.9,2024-03-15
20231100049,袁宇,男,高一,10,172.2,2024-03-15
20231010050,陈军,男,高一,1,158.5,2024-03-15
20231020051,李毅,男,高一,2,172.1,2024-03-15
20231090052,郭文,男,高一,9,167.5,2024-03-15
20231040053,董平,女,高一,4,156.3,2024-03-15
20231040054,彭琳,女,高一,4,163.4,2024-03-15
20231020055,黄翔,男,高一,2,176.7,2024-03-15
20231070056,韩茹,女,高一,7,165.1,2024-03-15
20231020057,刘昊,男,高一,2,164.5,2024-03-15
20231020058,郭颖,女,高一,2,158.3,2024-03-15
20231090059,邓明,男,高一,9,172.2,2024-03-15
20231030060,高茹,女,高一,3,165.4,2024-03-15
20231020061,邓天,男,高一,2,166.9,2024-03-15
20231010062,杜云,男,高一,1,168.8,2024-03-15
20231020063,任浩,男,高一,2,162.8,2024-03-15
20231070064,曾鹏,男,高一,7,162.2,2024-03-15
20231070065,刘俊,男,高一,7,175.3,2024-03-15
20231010066,唐华,女,高一,1,167.5,2024-03-15
20231050067,冯晴,女,高一,5,159.6,2024-03-15
20231030068,马洁,女,高一,3,165.5,2024-03-15
20231010069,于云,男,高一,1,172.4,2024-03-15
20231060070,刘军,男,高一,6,165.8,2024-03-15
20231090071,田婷,女,高一,9,162.0,2024-03-15
20231090072,杨峰,男,高一,9,180.0,2024-03-15
20231100073,陈浩,男,高一,10,169.8,2024-03-15
20231020074,潘英,女,高一,2,168.6,2024-03-15
20231100075,杨瑞,男,高一,10,153.0,2024-03-15
20231050076,朱欣,女,高一,5,164.5,2024-03-15
20231050077,许明,男,高一,5,170.6,2024-03-15
20231080078,郑丽,女,高一,8,158.4,2024-03-15
20231080079,蔡宁,男,高一,8,170.6,2024-03-15
20231020080,董辉,男,高一,2,157.1,2024-03-15
20231030081,谢丽,女,高一,3,158.8,2024-03-15
20231060082,林俊,男,高一,6,172.3,2024-03-15
20231090083,魏倩,女,高一,9,168.1,2024-03-15
20231090084,罗杰,男,高一,9,166.6,2024-03-15
20231050085,赵杰,男,高一,5,164.7,2024-03-15
20231050086,林阳,男,高一,5,166.7,2024-03-15
20231060087,朱博,男,高一,6,176.0,2024-03-15
20231050088,刘艳,女,高一,5,161.8,2024-03-15
20231050089,李芳,女,高一,5,157.1,2024-03-15
20231030090,余华,女,高一,3,162.8,2024-03-15
20231080091,袁翔,男,高一,8,170.6,2024-03-15
20231020092,陈超,男,高一,2,176.3,2024-03-15
20231060093,于天,男,高一,6,165.4,2024-03-15
20231070094,周磊,男,高一,7,167.9,2024-03-15
20231060095,李蓉,女,高一,6,157.8,2024-03-15
20231040096,叶杰,男,高一,4,160.5,2024-03-15
20231090097,韩琪,女,高一,9,161.6,2024-03-15
20231040098,徐峰,男,高一,4,171.7,2024-03-15
20231010099,孙怡,女,高一,1,160.0,2024-03-15
20231040100,高婷,女,高一,4,158.7,2024-03-15
20231070101,李鹏,男,高一,7,160.8,2024-03-15
20231040102,曹林,男,高一,4,167.3,2024-03-15
20231040103,胡娜,女,高一,4,158.1,2024-03-15
20231070104,梁文,男,高一,7,164.8,2024-03-15
20231050105,谢鑫,男,高一,5,169.0,2024-03-15
20231090106,梁娜,女,高一,9,162.2,2024-03-15
20231050107,孙旭,男,高一,5,182.3,2024-03-15
20231010108,黄菲,女,高一,1,161.0,2024-03-15
20231060109,吕欣,女,高一,6,161.4,2024-03-15
20231100110,肖霞,女,高一,10,159.6,2024-03-15
20231100111,马华,女,高一,10,149.4,2024-03-15
20231070112,张帅,男,高一,7,169.8,2024-03-15
20231060113,冯洋,男,高一,6,170.4,2024-03-15
20231100114,郑霞,女,高一,10,173.5,2024-03-15
20231090115,罗琳,女,高一,9,158.9,2024-03-15
20231070116,苏洁,女,高一,7,161.7,2024-03-15
20231040117,韩晨,男,高一,4,169.8,2024-03-15
20231100118,潘龙,男,高一,10,162.4,2024-03-15
20231090119,张倩,女,高一,9,166.3,2024-03-15
20231040120,冯璐,女,高一,4,164.1,2024-03-15
20231080121,邓媛,女,高一,8,164.4,2024-03-15
20231090122,彭俊,男,高一,9,164.1,2024-03-15
20231050123,肖锋,男,高一,5,179.1,2024-03-15
20231020124,任英,女,高一,2,152.3,2024-03-15
20231040125,马玲,女,高一,4,163.2,2024-03-15
20231010126,郭鹏,男,高一,1,184.2,2024-03-15
20231080127,韩宁,男,高一,8,163.6,2024-03-15
20231070128,曾昊,男,高一,7,166.3,2024-03-15
20231030129,杜伟,男,高一,3,170.6,2024-03-15
20231070130,胡峰,男,高一,7,166.7,2024-03-15
20231010131,袁英,女,高一,1,151.5,2024-03-15
20231080132,周志,男,高一,8,170.4,2024-03-15
20231080133,蔡莉,女,高一,8,154.2,2024-03-15
20231090134,邓婷,女,高一,9,162.6,2024-03-15
20231080135,何英,女,高一,8,154.9,2024-03-15
20231090136,曾英,女,高一,9,168.5,2024-03-15
20231080137,陈洁,女,高一,8,155.7,2024-03-15
20231050138,梁刚,男,高一,5,167.9,2024-03-15
20231030139,吴宇,男,高一,3,175.3,2024-03-15
20231030140,魏慧,女,高一,3,153.2,2024-03-15
20231070141,韩毅,男,高一,7,171.5,2024-03-15
20231070142,刘慧,女,高一,7,167.2,2024-03-15
20231070143,沈璐,女,高一,7,151.2,2024-03-15
20231100144,唐鹏,男,高一,10,171.2,2024-03-15
20231060145,罗晨,男,高一,6,171.7,2024-03-15
20231090146,丁晶,女,高一,9,164.3,2024-03-15
20231080147,胡文,男,高一,8,162.0,2024-03-15
20231080148,王莹,女,高一,8,152.7,2024-03-15
20231070149,吕婷,女,高一,7,162.9,2024-03-15
20231030150,蔡晶,女,高一,3,161.6,2024-03-15
20231070151,于宁,男,高一,7,171.6,2024-03-15
20231020152,杜翔,男,高一,2,172.3,2024-03-15
20231080153,孙军,男,高一,8,165.6,2024-03-15
20231070154,郑慧,女,高一,7,161.3,2024-03-15
20231060155,梁莹,女,高一,6,161.6,2024-03-15
20231070156,何艳,女,高一,7,156.1,2024-03-15
20231010157,丁晶,女,高一,1,170.3,2024-03-15
20231060158,胡洋,男,高一,6,173.1,2024-03-15
20231010159,郭建,男,高一,1,162.3,2024-03-15
20231100160,吴浩,男,高一,10,174.3,2024-03-15
20231080161,叶涛,男,高一,8,163.7,2024-03-15
20231080162,苏博,男,高一,8,175.1,2024-03-15
20231030163,蒋菲,女,高一,3,166.4,2024-03-15
20231030164,罗杰,男,高一,3,164.7,2024-03-15
20231050165,潘晨,男,高一,5,176.3,2024-03-15
20231040166,陈璐,女,高一,4,162.3,2024-03-15
20231020167,苏龙,男,高一,2,175.3,2024-03-15
20231100168,李林,男,高一,10,182.3,2024-03-15
20231060169,陈莉,女,高一,6,158.7,2024-03-15
20231010170,韩梅,女,高一,1,155.9,2024-03-15
20231070171,宋志,男,高一,7,164.2,2024-03-15
20231070172,孙帅,男,高一,7,164.7,2024-03-15
20231100173,董燕,女,高一,10,159.6,2024-03-15
20231070174,吕璐,女,高一,7,161.9,2024-03-15
20231060175,郭艳,女,高一,6,161.5,2024-03-15
20231080176,郭茹,女,高一,8,164.5,2024-03-15
20231060177,王梅,女,高一,6,160.1,2024-03-15
20231030178,曾慧,女,高一,3,168.0,2024-03-15
20231050179,梁兰,女,高一,5,158.5,2024-03-15
20231090180,张薇,女,高一,9,175.0,2024-03-15
20231020181,郭瑞,男,高一,2,174.1,2024-03-15
20231090182,任英,女,高一,9,155.3,2024-03-15
20231080183,邓娜,女,高一,8,154.1,2024-03-15
20231050184,胡昊,男,高一,5,173.1,2024-03-15
20231050185,叶旭,男,高一,5,168.5,2024-03-15
20231080186,袁薇,女,高一,8,163.9,2024-03-15
20231070187,丁晴,女,高一,7,162.6,2024-03-15
20231060188,苏茹,女,高一,6,159.6,2024-03-15
20231050189,何秀,女,高一,5,155.3,2024-03-15
20231040190,郑涛,男,高一,4,160.2,2024-03-15
20231040191,朱鹏,男,高一,4,167.1,2024-03-15
20231100192,任薇,女,高一,10,164.7,2024-03-15
20231020193,马洁,女,高一,2,161.2,2024-03-15
20231060194,孙龙,男,高一,6,161.9,2024-03-15
20231090195,周文,男,高一,9,171.1,2024-03-15
20231010196,袁斌,男,高一,1,172.5,2024-03-15
20231080197,黄伟,男,高一,8,164.3,2024-03-15
20231080198,彭媛,女,高一,8,160.8,2024-03-15
20231030199,刘华,女,高一,3,160.3,2024-03-15
20231020200,陈玲,女,高一,2,153.7,2024-03-15
20231020201,潘静,女,高一,2,162.0,2024-03-15
20231030202,潘龙,男,高一,3,173.6,2024-03-15
20231040203,赵天,男,高一,4,177.0,2024-03-15
20231100204,蒋琪,女,高一,10,165.8,2024-03-15
20231090205,唐凯,男,高一,9,161.0,2024-03-15
20231050206,于瑶,女,高一,5,154.8,2024-03-15
20231100207,蔡静,女,高一,10,162.8,2024-03-15
20231040208,余辉,男,高一,4,173.3,2024-03-15
20231020209,徐英,女,高一,2,162.8,2024-03-15
20231090210,陈俊,男,高一,9,195.0,2024-03-15
20231070211,邓阳,男,高一,7,173.7,2024-03-15
20231050212,李秀,女,高一,5,166.2,2024-03-15
20231050213,苏茹,女,高一,5,165.2,2024-03-15
20231040214,何旭,男,高一,4,174.2,2024-03-15
20231070215,赵云,男,高一,7,168.0,2024-03-15
20231030216,高超,男,高一,3,174.9,2024-03-15
20231010217,徐龙,男,高一,1,165.0,2024-03-15
20231080218,赵茹,女,高一,8,158.7,2024-03-15
20231070219,高莉,女,高一,7,157.3,2024-03-15
20231080220,杨菲,女,高一,8,160.5,2024-03-15
20231070221,丁刚,男,高一,7,185.0,2024-03-15
20231010222,杨秀,女,高一,1,149.7,2024-03-15
20231050223,潘磊,男,高一,5,174.5,2024-03-15
20231080224,田凯,男,高一,8,159.5,2024-03-15
20231030225,于瑶,女,高一,3,157.4,2024-03-15
20231020226,彭蓉,女,高一,2,166.0,2024-03-15
20231060227,郑娟,女,高一,6,160.4,2024-03-15
20231060228,韩飞,男,高一,6,163.0,2024-03-15
20231070229,任晴,女,高一,7,156.1,2024-03-15
20231080230,杨刚,男,高一,8,174.4,2024-03-15
20231060231,赵玲,女,高一,6,156.0,2024-03-15
20231090232,曹瑞,男,高一,9,171.4,2024-03-15
20231040233,田斌,男,高一,4,170.3,2024-03-15
20231080234,任静,女,高一,8,156.4,2024-03-15
20231050235,袁明,男,高一,5,183.9,2024-03-15
20231080236,苏梅,女,高一,8,163.5,2024-03-15
20231010237,余阳,男,高一,1,156.8,2024-03-15
20231030238,罗天,男,高一,3,171.2,2024-03-15
20231090239,韩勇,男,高一,9,165.7,2024-03-15
20231020240,曹涛,男,高一,2,175.5,2024-03-15
20231080241,魏斌,男,高一,8,164.8,2024-03-15
20231070242,彭燕,女,高一,7,159.4,2024-03-15
20231080243,袁超,男,高一,8,173.3,2024-03-15
20231040244,蒋莉,女,高一,4,164.8,2024-03-15
20231020245,高瑞,男,高一,2,162.2,2024-03-15
20231090246,高芳,女,高一,9,158.2,2024-03-15
20231050247,于璐,女,高一,5,157.4,2024-03-15
20231030248,邓晶,女,高一,3,156.4,2024-03-15
20231060249,梁晴,女,高一,6,169.7,2024-03-15
20231080250,郑颖,女,高一,8,162.2,2024-03-15
20231100251,唐宇,男,高一,10,161.8,2024-03-15
20231010252,郑燕,女,高一,1,165.0,2024-03-15
20231070253,叶玲,女,高一,7,171.7,2024-03-15
20231010254,周莉,女,高一,1,165.7,2024-03-15
20231020255,邓娟,女,高一,2,151.6,2024-03-15
20231010256,吕玲,女,高一,1,157.3,2024-03-15
20231030257,陈燕,女,高一,3,167.0,2024-03-15
20231060258,蔡玲,女,高一,6,156.1,2024-03-15
20231060259,程云,男,高一,6,172.9,2024-03-15
20231060260,余梅,女,高一,6,164.3,2024-03-15
20231100261,陈浩,男,高一,10,164.0,2024-03-15
20231040262,丁艳,女,高一,4,159.7,2024-03-15
20231020263,任娟,女,高一,2,145.0,2024-03-15
20231030264,苏倩,女,高一,3,154.4,2024-03-15
20231010265,郑军,男,高一,1,168.4,2024-03-15
20231060266,宋瑶,女,高一,6,153.1,2024-03-15
20231040267,田瑞,男,高一,4,180.6,2024-03-15
20231030268,孙勇,男,高一,3,160.7,2024-03-15
20231100269,程英,女,高一,10,157.6,2024-03-15
20231100270,吴秀,女,高一,10,160.7,2024-03-15
20231050271,曹华,女,高一,5,167.9,2024-03-15
20231080272,林云,男,高一,8,160.7,2024-03-15
20231020273,邓林,男,高一,2,177.6,2024-03-15
20231070274,苏华,女,高一,7,160.1,2024-03-15
20231050275,马莹,女,高一,5,154.6,2024-03-15
20231020276,郭莹,女,高一,2,162.5,2024-03-15
20231100277,林洁,女,高一,10,161.1,2024-03-15
20231070278,高伟,男,高一,7,166.1,2024-03-15
20231100279,丁飞,男,高一,10,170.5,2024-03-15
20231040280,蒋蓉,女,高一,4,157.9,2024-03-15
20231040281,蔡博,男,高一,4,170.7,2024-03-15
20231020282,余磊,男,高一,2,174.3,2024-03-15
20231080283,李璐,女,高一,8,168.7,2024-03-15
20231030284,杨洁,女,高一,3,153.2,2024-03-15
20231070285,孙颖,女,高一,7,171.7,2024-03-15
20231090286,宋帅,男,高一,9,157.3,2024-03-15
20231030287,何燕,女,高一,3,159.2,2024-03-15
20231060288,赵茹,女,高一,6,163.2,2024-03-15
20231030289,任宇,男,高一,3,171.8,2024-03-15
20231090290,宋艳,女,高一,9,156.6,2024-03-15
20231010291,何晶,女,高一,1,158.9,2024-03-15
20231080292,宋博,男,高一,8,166.8,2024-03-15
20231060293,黄秀,女,高一,6,156.8,2024-03-15
20231010294,蔡晴,女,高一,1,164.7,2024-03-15
20231100295,胡丽,女,高一,10,162.0,2024-03-15
20231050296,杜琳,女,高一,5,156.2,2024-03-15
20231030297,李磊,男,高一,3,175.8,2024-03-15
20231080298,赵娟,女,高一,8,161.7,2024-03-15
20231090299,周晨,男,高一,9,175.3,2024-03-15
20231060300,叶晶,女,高一,6,163.5,2024-03-15
20231100301,丁玲,女,高一,10,155.4,2024-03-15
20231020302,曾琪,女,高一,2,156.9,2024-03-15
20231050303,李月,女,高一,5,164.1,2024-03-15
20231080304,邓浩,男,高一,8,174.0,2024-03-15
20231020305,程月,女,高一,2,159.9,2024-03-15
20231010306,许兰,女,高一,1,160.6,2024-03-15
20231020307,曹勇,男,高一,2,178.3,2024-03-15
20231100308,王军,男,高一,10,166.2,2024-03-15
20231040309,周彤,女,高一,4,163.0,2024-03-15
20231020310,任天,男,高一,2,168.7,2024-03-15
20231100311,朱宇,男,高一,10,168.6,2024-03-15
20231030312,蒋芳,女,高一,3,166.0,2024-03-15
20231030313,周晶,女,高一,3,164.5,2024-03-15
20231030314,赵娜,女,高一,3,164.5,2024-03-15
20231010315,谢浩,男,高一,1,178.5,2024-03-15
20231010316,孙华,女,高一,1,160.1,2024-03-15
20231030317,丁瑞,男,高一,3,174.4,2024-03-15
20231020318,彭凯,男,高一,2,168.0,2024-03-15
20231090319,于娟,女,高一,9,161.8,2024-03-15
20231090320,胡琪,女,高一,9,159.3,2024-03-15
20231090321,罗志,男,高一,9,170.6,2024-03-15
20231010322,彭昊,男,高一,1,173.9,2024-03-15
20231020323,曾媛,女,高一,2,155.5,2024-03-15
20231020324,郑阳,男,高一,2,183.6,2024-03-15
20231020325,周文,男,高一,2,163.5,2024-03-15
20231070326,蒋薇,女,高一,7,153.3,2024-03-15
20231080327,肖菲,女,高一,8,166.4,2024-03-15
20231020328,苏霞,女,高一,2,164.4,2024-03-15
20231070329,邓宇,男,高一,7,174.1,2024-03-15
20231060330,曹玲,女,高一,6,163.5,2024-03-15
20231020331,郑瑶,女,高一,2,159.9,2024-03-15
20231050332,宋玲,女,高一,5,155.1,2024-03-15
20231020333,杨艳,女,高一,2,160.4,2024-03-15
20232070334,黄斌,男,高二,7,167.6,2024-03-15
20232090335,刘旭,男,高二,9,178.3,2024-03-15
20232020336,韩蓉,女,高二,2,160.2,2024-03-15
20232010337,林菲,女,高二,1,156.5,2024-03-15
20232060338,黄彤,女,高二,6,159.2,2024-03-15
20232030339,叶鹏,男,高二,3,174.7,2024-03-15
20232020340,谢天,男,高二,2,168.3,2024-03-15
20232020341,任兰,女,高二,2,156.5,2024-03-15
20232070342,袁锋,男,高二,7,173.6,2024-03-15
20232100343,叶文,男,高二,10,173.6,2024-03-15
20232030344,高龙,男,高二,3,168.7,2024-03-15
20232060345,张雪,女,高二,6,158.4,2024-03-15
20232100346,叶昊,男,高二,10,173.5,2024-03-15
20232030347,丁强,男,高二,3,162.6,2024-03-15
20232090348,朱晨,男,高二,9,162.9,2024-03-15
20232080349,梁婷,女,高二,8,157.0,2024-03-15
20232050350,吕欣,女,高二,5,159.8,2024-03-15
20232010351,吴俊,男,高二,1,174.0,2024-03-15
20232020352,高凯,男,高二,2,181.6,2024-03-15
20232080353,蒋媛,女,高二,8,165.7,2024-03-15
20232050354,朱莉,女,高二,5,160.1,2024-03-15
20232060355,冯涛,男,高二,6,171.9,2024-03-15
20232100356,曾薇,女,高二,10,155.5,2024-03-15
20232010357,胡玲,女,高二,1,160.9,2024-03-15
20232010358,朱龙,男,高二,1,170.1,2024-03-15
20232030359,任博,男,高二,3,174.1,2024-03-15
20232060360,赵芳,女,高二,6,156.5,2024-03-15
20232070361,孙平,女,高二,7,163.9,2024-03-15
20232090362,魏秀,女,高二,9,169.4,2024-03-15
20232020363,许敏,女,高二,2,160.4,2024-03-15
20232010364,曹丽,女,高二,1,163.2,2024-03-15
20232100365,冯彤,女,高二,10,164.8,2024-03-15
20232070366,林霞,女,高二,7,158.8,2024-03-15
20232010367,郑婷,女,高二,1,162.2,2024-03-15
20232060368,杨瑶,女,高二,6,161.1,2024-03-15
20232040369,冯旭,男,高二,4,172.6,2024-03-15
20232090370,杨玲,女,高二,9,156.7,2024-03-15
20232060371,胡怡,女,高二,6,161.1,2024-03-15
20232020372,肖涛,男,高二,2,175.2,2024-03-15
20232060373,谢超,男,高二,6,181.4,2024-03-15
20232020374,吴博,男,高二,2,178.2,2024-03-15
20232030375,蒋超,男,高二,3,186.0,2024-03-15
20232030376,沈飞,男,高二,3,167.0,2024-03-15
20232100377,任璐,女,高二,10,165.8,2024-03-15
20232100378,杜琪,女,高二,10,162.0,2024-03-15
20232060379,吴媛,女,高二,6,173.0,2024-03-15
20232080380,邓龙,男,高二,8,166.7,2024-03-15
20232100381,刘蓉,女,高二,10,156.4,2024-03-15
20232050382,曹凯,男,高二,5,168.1,2024-03-15
20232010383,宋斌,男,高二,1,158.2,2024-03-15
20232020384,蔡阳,男,高二,2,168.6,2024-03-15
20232080385,于晴,女,高二,8,156.8,2024-03-15
20232080386,潘建,男,高二,8,173.0,2024-03-15
20232100387,彭莉,女,高二,10,162.9,2024-03-15
20232010388,邓杰,男,高二,1,184.2,2024-03-15
20232020389,肖雪,女,高二,2,166.2,2024-03-15
20232040390,魏凯,男,高二,4,168.3,2024-03-15
20232090391,田琪,女,高二,9,156.1,2024-03-15
20232060392,宋斌,男,高二,6,175.2,2024-03-15
20232070393,沈怡,女,高二,7,153.7,2024-03-15
20232060394,陈毅,男,高二,6,183.9,2024-03-15
20232090395,程晨,男,高二,9,179.7,2024-03-15
20232050396,吕菲,女,高二,5,158.4,2024-03-15
20232060397,杨旭,男,高二,6,160.9,2024-03-15
20232060398,罗昊,男,高二,6,180.8,2024-03-15
20232100399,魏勇,男,高二,10,171.3,2024-03-15
20232090400,唐怡,女,高二,9,167.8,2024-03-15
20232090401,杨翔,男,高二,9,161.6,2024-03-15
20232010402,宋倩,女,高二,1,157.7,2024-03-15
20232040403,梁飞,男,高二,4,172.0,2024-03-15
20232040404,周超,男,高二,4,172.3,2024-03-15
20232050405,黄鑫,男,高二,5,169.1,2024-03-15
20232060406,沈锋,男,高二,6,176.0,2024-03-15
20232100407,唐超,男,高二,10,165.1,2024-03-15
20232030408,苏锋,男,高二,3,171.1,2024-03-15
20232080409,李瑞,男,高二,8,172.8,2024-03-15
20232040410,邓琪,女,高二,4,163.8,2024-03-15
20232080411,胡晶,女,高二,8,164.9,2024-03-15
20232050412,彭建,男,高二,5,164.7,2024-03-15
20232100413,邓茹,女,高二,10,152.6,2024-03-15
20232070414,肖薇,女,高二,7,168.0,2024-03-15
20232030415,马菲,女,高二,3,162.8,2024-03-15
20232050416,刘鹏,男,高二,5,167.1,2024-03-15
20232090417,黄薇,女,高二,9,169.5,2024-03-15
20232050418,杨俊,男,高二,5,172.8,2024-03-15
20232080419,肖玲,女,高二,8,167.5,2024-03-15
20232020420,胡媛,女,高二,2,161.4,2024-03-15
20232010421,韩静,女,高二,1,172.3,2024-03-15
20232090422,宋英,女,高二,9,170.7,2024-03-15
20232020423,宋秀,女,高二,2,159.6,2024-03-15
20232060424,黄毅,男,高二,6,178.3,2024-03-15
20232030425,李斌,男,高二,3,176.2,2024-03-15
20232030426,任燕,女,高二,3,168.5,2024-03-15
20232100427,张艳,女,高二,10,155.7,2024-03-15
20232050428,朱超,男,高二,5,176.5,2024-03-15
20232020429,沈洁,女,高二,2,166.8,2024-03-15
20232050430,赵军,男,高二,5,160.6,2024-03-15
20232070431,余锋,男,高二,7,164.3,2024-03-15
20232020432,赵梅,女,高二,2,149.8,2024-03-15
20232090433,潘浩,男,高二,9,170.2,2024-03-15
20232050434,冯伟,男,高二,5,176.7,2024-03-15
20232040435,潘琳,女,高二,4,169.3,2024-03-15
20232020436,田斌,男,高二,2,172.5,2024-03-15
20232090437,董鑫,男,高二,9,182.6,2024-03-15
20232070438,彭磊,男,高二,7,163.0,2024-03-15
20232060439,何娜,女,高二,6,151.6,2024-03-15
20232020440,谢英,女,高二,2,160.7,2024-03-15
20232100441,丁毅,男,高二,10,174.5,2024-03-15
20232010442,谢云,男,高二,1,171.8,2024-03-15
20232030443,沈茹,女,高二,3,149.6,2024-03-15
20232030444,周丽,女,高二,3,160.5,2024-03-15
20232010445,林颖,女,高二,1,153.8,2024-03-15
20232040446,李刚,男,高二,4,176.4,2024-03-15
20232090447,许晶,女,高二,9,163.0,2024-03-15
20232050448,李颖,女,高二,5,155.8,2024-03-15
20232060449,沈静,女,高二,6,158.2,2024-03-15
20232050450,赵月,女,高二,5,155.2,2024-03-15
20232070451,丁媛,女,高二,7,160.7,2024-03-15
20232060452,孙梅,女,高二,6,166.3,2024-03-15
20232060453,田兰,女,高二,6,155.6,2024-03-15
20232070454,杨翔,男,高二,7,175.3,2024-03-15
20232090455,林刚,男,高二,9,168.6,2024-03-15
20232020456,郑斌,男,高二,2,166.8,2024-03-15
20232080457,蒋瑶,女,高二,8,160.4,2024-03-15
20232080458,谢凯,男,高二,8,165.3,2024-03-15
20232060459,蔡翔,男,高二,6,168.4,2024-03-15
20232010460,陈玲,女,高二,1,154.4,2024-03-15
20232090461,丁婷,女,高二,9,171.8,2024-03-15
20232030462,蒋凯,男,高二,3,172.2,2024-03-15
20232030463,陈浩,男,高二,3,167.5,2024-03-15
20232060464,唐彤,女,高二,6,162.2,2024-03-15
20232100465,吴凯,男,高二,10,171.3,2024-03-15
20232060466,邓丽,女,高二,6,159.8,2024-03-15
20232090467,宋昊,男,高二,9,176.0,2024-03-15
20232050468,郭霞,女,高二,5,165.2,2024-03-15
20232030469,曾帅,男,高二,3,168.6,2024-03-15
20232090470,赵华,女,高二,9,157.8,2024-03-15
20232080471,朱琪,女,高二,8,159.5,2024-03-15
20232080472,马霞,女,高二,8,148.3,2024-03-15
20232020473,邓峰,男,高二,2,162.2,2024-03-15
20232020474,程欣,女,高二,2,168.5,2024-03-15
20232020475,袁晶,女,高二,2,170.0,2024-03-15
20232050476,徐雪,女,高二,5,159.6,2024-03-15
20232090477,胡霞,女,高二,9,164.2,2024-03-15
20232030478,郭飞,男,高二,3,174.0,2024-03-15
20232060479,袁宁,男,高二,6,192.0,2024-03-15
20232080480,袁平,女,高二,8,167.2,2024-03-15
20232020481,罗昊,男,高二,2,171.2,2024-03-15
20232090482,韩琳,女,高二,9,155.7,2024-03-15
20232030483,郑洋,男,高二,3,161.6,2024-03-15
20232080484,程薇,女,高二,8,162.1,2024-03-15
20232030485,沈晴,女,高二,3,156.8,2024-03-15
20232030486,冯鑫,男,高二,3,162.8,2024-03-15
20232020487,田超,男,高二,2,167.8,2024-03-15
20232030488,徐欣,女,高二,3,155.1,2024-03-15
20232060489,田斌,男,高二,6,183.0,2024-03-15
20232050490,马天,男,高二,5,177.7,2024-03-15
20232030491,余倩,女,高二,3,161.0,2024-03-15
20232090492,杜俊,男,高二,9,181.6,2024-03-15
20232030493,叶锋,男,高二,3,172.5,2024-03-15
20232100494,李娜,女,高二,10,156.3,2024-03-15
20232010495,杜宁,男,高二,1,181.9,2024-03-15
20232040496,沈彤,女,高二,4,164.0,2024-03-15
20232100497,余娜,女,高二,10,155.3,2024-03-15
20232090498,林倩,女,高二,9,160.0,2024-03-15
20232040499,程玲,女,高二,4,156.2,2024-03-15
20232080500,陈静,女,高二,8,153.4,2024-03-15
20232080501,韩鹏,男,高二,8,178.0,2024-03-15
20232040502,梁菲,女,高二,4,171.5,2024-03-15
20232060503,魏刚,男,高二,6,162.9,2024-03-15
20232070504,周月,女,高二,7,164.1,2024-03-15
20232060505,郭志,男,高二,6,167.8,2024-03-15
20232050506,邓浩,男,高二,5,168.8,2024-03-15
20232020507,刘斌,男,高二,2,168.1,2024-03-15
20232100508,韩英,女,高二,10,156.2,2024-03-15
20232060509,潘刚,男,高二,6,172.3,2024-03-15
20232030510,曾鑫,男,高二,3,166.6,2024-03-15
20232080511,罗梅,女,高二,8,162.5,2024-03-15
20232020512,许鑫,男,高二,2,171.7,2024-03-15
20232040513,朱璐,女,高二,4,159.7,2024-03-15
20232010514,刘洁,女,高二,1,156.0,2024-03-15
20232100515,杜燕,女,高二,10,157.8,2024-03-15
20232090516,张娟,女,高二,9,165.2,2024-03-15
20232030517,何月,女,高二,3,163.8,2024-03-15
20232060518,李玲,女,高二,6,155.6,2024-03-15
20232100519,袁建,男,高二,10,172.6,2024-03-15
20232090520,林丽,女,高二,9,165.1,2024-03-15
20232090521,邓晴,女,高二,9,151.8,2024-03-15
20232100522,程琪,女,高二,10,164.0,2024-03-15
20232030523,黄昊,男,高二,3,167.7,2024-03-15
20232060524,袁月,女,高二,6,164.1,2024-03-15
20232040525,蒋鑫,男,高二,4,167.0,2024-03-15
20232090526,李敏,女,高二,9,151.1,2024-03-15
20232030527,魏毅,男,高二,3,161.4,2024-03-15
20232090528,曹玲,女,高二,9,161.3,2024-03-15
20232060529,蔡刚,男,高二,6,173.7,2024-03-15
20232070530,蔡龙,男,高二,7,166.1,2024-03-15
20232090531,肖晶,女,高二,9,164.5,2024-03-15
20232100532,罗燕,女,高二,10,151.9,2024-03-15
20232060533,梁涛,男,高二,6,171.6,2024-03-15
20232100534,罗娜,女,高二,10,154.3,2024-03-15
20232050535,杜璐,女,高二,5,157.4,2024-03-15
20232010536,于鹏,男,高二,1,172.3,2024-03-15
20232090537,余锋,男,高二,9,166.4,2024-03-15
20232030538,程英,女,高二,3,158.9,2024-03-15
20232100539,苏涛,男,高二,10,178.5,2024-03-15
20232010540,邓刚,男,高二,1,168.3,2024-03-15
20232030541,韩慧,女,高二,3,165.6,2024-03-15
20232090542,沈琪,女,高二,9,154.8,2024-03-15
20232010543,魏平,女,高二,1,163.9,2024-03-15
20232090544,郑鹏,男,高二,9,181.4,2024-03-15
20232060545,孙茹,女,高二,6,147.4,2024-03-15
20232090546,谢华,女,高二,9,156.6,2024-03-15
20232040547,郭兰,女,高二,4,164.2,2024-03-15
20232040548,罗洁,女,高二,4,159.9,2024-03-15
20232080549,郑鹏,男,高二,8,174.4,2024-03-15
20232090550,吕兰,女,高二,9,157.7,2024-03-15
20232020551,潘晶,女,高二,2,161.5,2024-03-15
20232070552,谢玲,女,高二,7,160.1,2024-03-15
20232010553,林艳,女,高二,1,167.4,2024-03-15
20232080554,杜华,女,高二,8,162.4,2024-03-15
20232040555,马晶,女,高二,4,162.9,2024-03-15
20232090556,苏兰,女,高二,9,158.7,2024-03-15
20232020557,蔡旭,男,高二,2,168.8,2024-03-15
20232040558,刘帅,男,高二,4,169.2,2024-03-15
20232040559,刘杰,男,高二,4,174.6,2024-03-15
20232060560,魏燕,女,高二,6,158.7,2024-03-15
20232030561,张天,男,高二,3,173.9,2024-03-15
20232070562,杜鹏,男,高二,7,185.5,2024-03-15
20232040563,任洁,女,高二,4,165.8,2024-03-15
20232050564,杜静,女,高二,5,159.2,2024-03-15
20232100565,胡云,男,高二,10,179.8,2024-03-15
20232030566,韩峰,男,高二,3,169.3,2024-03-15
20232070567,曾峰,男,高二,7,158.8,2024-03-15
20232010568,张倩,女,高二,1,155.5,2024-03-15
20232060569,林志,男,高二,6,159.8,2024-03-15
20232030570,肖茹,女,高二,3,159.1,2024-03-15
20232040571,赵怡,女,高二,4,161.1,2024-03-15
20232080572,杜博,男,高二,8,182.9,2024-03-15
20232010573,丁毅,男,高二,1,174.1,2024-03-15
20232100574,程颖,女,高二,10,159.8,2024-03-15
20232100575,余昊,男,高二,10,177.4,2024-03-15
20232090576,郑艳,女,高二,9,148.8,2024-03-15
20232020577,孙平,女,高二,2,162.3,2024-03-15
20232060578,郭芳,女,高二,6,165.2,2024-03-15
20232070579,郭媛,女,高二,7,152.9,2024-03-15
20232060580,罗璐,女,高二,6,167.3,2024-03-15
20232050581,杜斌,男,高二,5,174.2,2024-03-15
20232010582,叶涛,男,高二,1,169.3,2024-03-15
20232050583,徐玲,女,高二,5,164.5,2024-03-15
20232020584,余洁,女,高二,2,173.5,2024-03-15
20232100585,胡秀,女,高二,10,162.0,2024-03-15
20232080586,吴志,男,高二,8,173.6,2024-03-15
20232070587,苏晴,女,高二,7,158.5,2024-03-15
20232090588,叶慧,女,高二,9,156.3,2024-03-15
20232100589,杨帅,男,高二,10,177.4,2024-03-15
20232090590,魏月,女,高二,9,156.3,2024-03-15
20232100591,赵军,男,高二,10,172.5,2024-03-15
20232100592,董超,男,高二,10,168.9,2024-03-15
20232060593,田凯,男,高二,6,175.1,2024-03-15
20232040594,魏旭,男,高二,4,174.2,2024-03-15
20232020595,肖媛,女,高二,2,166.7,2024-03-15
20232080596,周鑫,男,高二,8,168.7,2024-03-15
20232080597,潘静,女,高二,8,159.5,2024-03-15
20232050598,吕娜,女,高二,5,155.6,2024-03-15
20232050599,张慧,女,高二,5,158.6,2024-03-15
20232010600,冯林,男,高二,1,174.5,2024-03-15
20232090601,刘洋,男,高二,9,176.9,2024-03-15
20232010602,林琳,女,高二,1,155.9,2024-03-15
20232030603,沈瑞,男,高二,3,177.7,2024-03-15
20232070604,邓莹,女,高二,7,168.5,2024-03-15
20232020605,程晶,女,高二,2,163.3,2024-03-15
20232060606,赵峰,男,高二,6,184.2,2024-03-15
20232090607,周秀,女,高二,9,156.7,2024-03-15
20232010608,罗志,男,高二,1,163.9,2024-03-15
20232090609,唐秀,女,高二,9,151.2,2024-03-15
20232080610,谢超,男,高二,8,181.7,2024-03-15
20232040611,吕霞,女,高二,4,164.6,2024-03-15
20232070612,蔡强,男,高二,7,171.6,2024-03-15
20232040613,陈杰,男,高二,4,173.8,2024-03-15
20232080614,蒋军,男,高二,8,164.7,2024-03-15
20232010615,许凯,男,高二,1,187.9,2024-03-15
20232090616,朱军,男,高二,9,172.8,2024-03-15
20232090617,林宇,男,高二,9,172.7,2024-03-15
20232100618,蒋欣,女,高二,10,165.0,2024-03-15
20232050619,吴帅,男,高二,5,175.1,2024-03-15
20232070620,罗文,男,高二,7,173.5,2024-03-15
20232090621,于峰,男,高二,9,166.9,2024-03-15
20232090622,曾静,女,高二,9,163.6,2024-03-15
20232070623,田欣,女,高二,7,171.4,2024-03-15
20232070624,吴倩,女,高二,7,168.4,2024-03-15
20232030625,任晶,女,高二,3,169.8,2024-03-15
20232040626,胡倩,女,高二,4,158.2,2024-03-15
20232080627,刘天,男,高二,8,165.6,2024-03-15
20232070628,袁薇,女,高二,7,160.3,2024-03-15
20232070629,郭博,男,高二,7,172.4,2024-03-15
20232060630,杜勇,男,高二,6,179.1,2024-03-15
20232060631,杨晶,女,高二,6,151.7,2024-03-15
20232010632,高晨,男,高二,1,181.9,2024-03-15
20232020633,马旭,男,高二,2,171.0,2024-03-15
20232080634,朱毅,男,高二,8,169.2,2024-03-15
20232010635,朱颖,女,高二,1,155.4,2024-03-15
20232080636,郭阳,男,高二,8,161.2,2024-03-15
20232070637,郭天,男,高二,7,177.4,2024-03-15
20232050638,唐茹,女,高二,5,161.4,2024-03-15
20232050639,何月,女,高二,5,153.9,2024-03-15
20232080640,黄燕,女,高二,8,153.9,2024-03-15
20232040641,宋欣,女,高二,4,159.2,2024-03-15
20232010642,潘秀,女,高二,1,170.2,2024-03-15
20232010643,何天,男,高二,1,170.3,2024-03-15
20232050644,吴颖,女,高二,5,152.7,2024-03-15
20232040645,唐彤,女,高二,4,159.6,2024-03-15
20232080646,袁毅,男,高二,8,170.2,2024-03-15
20232080647,吕梅,女,高二,8,146.2,2024-03-15
20232030648,吕蓉,女,高二,3,160.7,2024-03-15
20232030649,吕云,男,高二,3,170.5,2024-03-15
20232030650,董静,女,高二,3,164.8,2024-03-15
20232020651,叶军,男,高二,2,184.0,2024-03-15
20232070652,周宇,男,高二,7,179.3,2024-03-15
20232030653,张辉,男,高二,3,170.3,2024-03-15
20232060654,刘琪,女,高二,6,154.9,2024-03-15
20232080655,王芳,女,高二,8,175.2,2024-03-15
20232010656,王薇,女,高二,1,161.3,2024-03-15
20232090657,林娜,女,高二,9,161.1,2024-03-15
20232030658,黄娟,女,高二,3,160.9,2024-03-15
20232040659,马锋,男,高二,4,173.3,2024-03-15
20232060660,高玲,女,高二,6,160.2,2024-03-15
20232060661,许志,男,高二,6,168.3,2024-03-15
20232040662,罗勇,男,高二,4,168.4,2024-03-15
20232020663,许晨,男,高二,2,171.8,2024-03-15
20232090664,彭静,女,高二,9,158.0,2024-03-15
20232030665,杨飞,男,高二,3,167.4,2024-03-15
20232060666,潘娟,女,高二,6,161.6,2024-03-15
20233040667,朱宁,男,高三,4,171.3,2024-03-15
20233050668,李丽,女,高三,5,170.3,2024-03-15
20233090669,潘敏,女,高三,9,147.4,2024-03-15
20233060670,王辉,男,高三,6,180.1,2024-03-15
20233070671,陈龙,男,高三,7,181.1,2024-03-15
20233100672,郭宁,男,高三,10,159.5,2024-03-15
20233090673,梁莹,女,高三,9,160.1,2024-03-15
20233020674,肖林,男,高三,2,170.6,2024-03-15
20233020675,冯宇,男,高三,2,163.9,2024-03-15
20233060676,蒋锋,男,高三,6,167.9,2024-03-15
20233060677,王兰,女,高三,6,155.9,2024-03-15
20233080678,胡蓉,女,高三,8,171.6,2024-03-15
20233070679,孙璐,女,高三,7,167.1,2024-03-15
20233020680,沈琪,女,高三,2,169.0,2024-03-15
20233040681,魏丽,女,高三,4,166.0,2024-03-15
20233050682,吴晨,男,高三,5,165.7,2024-03-15
20233070683,郑斌,男,高三,7,169.6,2024-03-15
20233020684,张龙,男,高三,2,176.2,2024-03-15
20233060685,任兰,女,高三,6,155.3,2024-03-15
20233030686,杨峰,男,高三,3,177.6,2024-03-15
20233080687,袁晴,女,高三,8,160.7,2024-03-15
20233020688,王艳,女,高三,2,159.9,2024-03-15
20233090689,杨菲,女,高三,9,165.9,2024-03-15
20233070690,张洁,女,高三,7,164.4,2024-03-15
20233070691,沈艳,女,高三,7,160.0,2024-03-15
20233100692,田俊,男,高三,10,180.5,2024-03-15
20233030693,周兰,女,高三,3,156.1,2024-03-15
20233050694,曾玲,女,高三,5,165.4,2024-03-15
20233030695,冯文,男,高三,3,176.9,2024-03-15
20233050696,彭丽,女,高三,5,160.3,2024-03-15
20233050697,郭梅,女,高三,5,163.8,2024-03-15
20233080698,黄明,男,高三,8,164.9,2024-03-15
20233010699,许怡,女,高三,1,167.1,2024-03-15
20233060700,邓怡,女,高三,6,161.0,2024-03-15
20233100701,周倩,女,高三,10,159.1,2024-03-15
20233100702,苏颖,女,高三,10,167.8,2024-03-15
20233060703,孙玲,女,高三,6,158.1,2024-03-15
20233050704,丁梅,女,高三,5,154.3,2024-03-15
20233060705,唐文,男,高三,6,162.9,2024-03-15
20233060706,赵彤,女,高三,6,165.3,2024-03-15
20233100707,董峰,男,高三,10,164.7,2024-03-15
20233080708,魏辉,男,高三,8,184.4,2024-03-15
20233050709,苏丽,女,高三,5,150.5,2024-03-15
20233080710,周倩,女,高三,8,171.3,2024-03-15
20233050711,叶超,男,高三,5,174.4,2024-03-15
20233070712,陈媛,女,高三,7,161.5,2024-03-15
20233100713,许晶,女,高三,10,159.0,2024-03-15
20233090714,李月,女,高三,9,164.2,2024-03-15
20233020715,沈浩,男,高三,2,172.8,2024-03-15
20233030716,杜琪,女,高三,3,168.1,2024-03-15
20233100717,杜昊,男,高三,10,173.7,2024-03-15
20233070718,黄芳,女,高三,7,162.8,2024-03-15
20233050719,胡鑫,男,高三,5,170.6,2024-03-15
20233080720,宋昊,男,高三,8,172.6,2024-03-15
20233100721,苏莉,女,高三,10,163.7,2024-03-15
20233060722,王鹏,男,高三,6,161.9,2024-03-15
20233050723,韩勇,男,高三,5,164.2,2024-03-15
20233030724,谢龙,男,高三,3,177.8,2024-03-15
20233080725,朱薇,女,高三,8,162.9,2024-03-15
20233060726,彭娟,女,高三,6,161.0,2024-03-15
20233080727,郑丽,女,高三,8,162.1,2024-03-15
20233010728,魏霞,女,高三,1,163.9,2024-03-15
20233060729,杜杰,男,高三,6,169.5,2024-03-15
20233040730,田峰,男,高三,4,167.9,2024-03-15
20233060731,袁翔,男,高三,6,174.3,2024-03-15
20233040732,许雪,女,高三,4,156.6,2024-03-15
20233070733,许强,男,高三,7,175.7,2024-03-15
20233080734,于翔,男,高三,8,161.9,2024-03-15
20233010735,魏慧,女,高三,1,167.7,2024-03-15
20233050736,任洋,男,高三,5,176.1,2024-03-15
20233090737,孙斌,男,高三,9,174.7,2024-03-15
20233040738,曹霞,女,高三,4,167.4,2024-03-15
20233080739,田欣,女,高三,8,171.2,2024-03-15
20233100740,许璐,女,高三,10,167.6,2024-03-15
20233060741,谢志,男,高三,6,161.0,2024-03-15
20233050742,蔡旭,男,高三,5,164.7,2024-03-15
20233030743,郑涛,男,高三,3,168.9,2024-03-15
20233050744,赵峰,男,高三,5,173.2,2024-03-15
20233030745,肖莹,女,高三,3,164.8,2024-03-15
20233100746,周彤,女,高三,10,158.0,2024-03-15
20233070747,孙梅,女,高三,7,163.0,2024-03-15
20233090748,徐飞,男,高三,9,168.1,2024-03-15
20233030749,孙欣,女,高三,3,158.6,2024-03-15
20233100750,刘蓉,女,高三,10,154.3,2024-03-15
20233080751,周建,男,高三,8,167.0,2024-03-15
20233090752,肖梅,女,高三,9,154.6,2024-03-15
20233080753,韩媛,女,高三,8,156.6,2024-03-15
20233030754,杨彤,女,高三,3,167.8,2024-03-15
20233040755,林磊,男,高三,4,166.8,2024-03-15
20233040756,董洁,女,高三,4,176.5,2024-03-15
20233080757,潘飞,男,高三,8,176.2,2024-03-15
20233100758,赵文,男,高三,10,174.2,2024-03-15
20233090759,任敏,女,高三,9,157.3,2024-03-15
20233090760,朱瑶,女,高三,9,165.9,2024-03-15
20233040761,罗磊,男,高三,4,169.3,2024-03-15
20233050762,谢艳,女,高三,5,162.7,2024-03-15
20233020763,沈英,女,高三,2,176.1,2024-03-15
20233100764,苏林,男,高三,10,172.4,2024-03-15
20233030765,蔡平,女,高三,3,168.3,2024-03-15
20233040766,刘宁,男,高三,4,168.4,2024-03-15
20233090767,高菲,女,高三,9,161.8,2024-03-15
20233060768,魏斌,男,高三,6,184.5,2024-03-15
20233100769,高莉,女,高三,10,158.6,2024-03-15
20233030770,任瑞,男,高三,3,184.8,2024-03-15
20233050771,杜明,男,高三,5,177.6,2024-03-15
20233040772,吴刚,男,高三,4,169.3,2024-03-15
20233070773,曾超,男,高三,7,177.1,2024-03-15
20233070774,唐媛,女,高三,7,167.3,2024-03-15
20233020775,许鑫,男,高三,2,177.0,2024-03-15
20233060776,曹梅,女,高三,6,153.4,2024-03-15
20233100777,张艳,女,高三,10,158.0,2024-03-15
20233060778,陈晶,女,高三,6,160.6,2024-03-15
20233040779,冯慧,女,高三,4,161.6,2024-03-15
20233050780,郑洁,女,高三,5,165.4,2024-03-15
20233090781,潘平,女,高三,9,163.0,2024-03-15
20233060782,程静,女,高三,6,154.7,2024-03-15
20233020783,余志,男,高三,2,175.5,2024-03-15
20233020784,徐凯,男,高三,2,177.0,2024-03-15
20233010785,冯颖,女,高三,1,165.1,2024-03-15
20233050786,徐文,男,高三,5,180.0,2024-03-15
20233060787,何勇,男,高三,6,178.4,2024-03-15
20233030788,刘玲,女,高三,3,164.5,2024-03-15
20233040789,冯艳,女,高三,4,161.6,2024-03-15
20233010790,朱鹏,男,高三,1,162.2,2024-03-15
20233030791,于宇,男,高三,3,175.8,2024-03-15
20233010792,张怡,女,高三,1,163.1,2024-03-15
20233070793,苏明,男,高三,7,174.8,2024-03-15
20233020794,胡莹,女,高三,2,155.0,2024-03-15
20233020795,黄刚,男,高三,2,166.0,2024-03-15
20233050796,周莹,女,高三,5,167.8,2024-03-15
20233030797,陈帅,男,高三,3,172.7,2024-03-15
20233100798,杜俊,男,高三,10,177.4,2024-03-15
20233060799,吕慧,女,高三,6,162.2,2024-03-15
20233070800,蔡凯,男,高三,7,173.2,2024-03-15
20233020801,黄明,男,高三,2,179.1,2024-03-15
20233100802,吕晨,男,高三,10,169.6,2024-03-15
20233070803,郑平,女,高三,7,162.5,2024-03-15
20233050804,杜勇,男,高三,5,170.0,2024-03-15
20233090805,蒋阳,男,高三,9,170.2,2024-03-15
20233010806,叶倩,女,高三,1,160.3,2024-03-15
20233090807,蒋鑫,男,高三,9,174.4,2024-03-15
20233070808,林军,男,高三,7,169.9,2024-03-15
20233080809,唐涛,男,高三,8,181.2,2024-03-15
20233080810,余阳,男,高三,8,167.2,2024-03-15
20233090811,张斌,男,高三,9,171.8,2024-03-15
20233030812,唐彤,女,高三,3,159.6,2024-03-15
20233060813,董雪,女,高三,6,170.0,2024-03-15
20233020814,王璐,女,高三,2,163.1,2024-03-15
20233010815,何辉,男,高三,1,179.7,2024-03-15
20233010816,许鑫,男,高三,1,163.3,2024-03-15
20233090817,沈琳,女,高三,9,163.5,2024-03-15
20233070818,杨晶,女,高三,7,166.9,2024-03-15
20233050819,杨龙,男,高三,5,173.5,2024-03-15
20233090820,朱超,男,高三,9,179.9,2024-03-15
20233070821,于丽,女,高三,7,159.2,2024-03-15
20233070822,吕英,女,高三,7,169.8,2024-03-15
20233040823,杨翔,男,高三,4,187.9,2024-03-15
20233080824,蔡阳,男,高三,8,170.6,2024-03-15
20233050825,叶峰,男,高三,5,170.1,2024-03-15
20233010826,魏明,男,高三,1,182.4,2024-03-15
20233030827,曾林,男,高三,3,183.3,2024-03-15
20233030828,宋平,女,高三,3,159.1,2024-03-15
20233020829,沈娜,女,高三,2,159.7,2024-03-15
20233070830,高薇,女,高三,7,160.5,2024-03-15
20233050831,魏宁,男,高三,5,164.3,2024-03-15
20233080832,曹鑫,男,高三,8,167.0,2024-03-15
20233010833,曾彤,女,高三,1,156.5,2024-03-15
20233060834,徐博,男,高三,6,168.0,2024-03-15
20233100835,程涛,男,高三,10,172.8,2024-03-15
20233090836,张磊,男,高三,9,174.5,2024-03-15
20233040837,李鹏,男,高三,4,183.1,2024-03-15
20233070838,吴雪,女,高三,7,156.5,2024-03-15
20233090839,魏瑞,男,高三,9,179.4,2024-03-15
20233060840,郭瑞,男,高三,6,171.6,2024-03-15
20233050841,陈彤,女,高三,5,161.7,2024-03-15
20233020842,肖静,女,高三,2,165.7,2024-03-15
20233040843,田磊,男,高三,4,165.7,2024-03-15
20233020844,曹洁,女,高三,2,164.1,2024-03-15
20233060845,杨晴,女,高三,6,162.9,2024-03-15
20233010846,宋颖,女,高三,1,164.7,2024-03-15
20233100847,罗琪,女,高三,10,163.6,2024-03-15
20233080848,宋旭,男,高三,8,189.0,2024-03-15
20233040849,吕晶,女,高三,4,158.5,2024-03-15
20233030850,张瑞,男,高三,3,169.5,2024-03-15
20233040851,董林,男,高三,4,168.9,2024-03-15
20233060852,张晨,男,高三,6,169.4,2024-03-15
20233020853,朱薇,女,高三,2,158.5,2024-03-15
20233070854,曾军,男,高三,7,180.7,2024-03-15
20233050855,杨磊,男,高三,5,182.2,2024-03-15
20233090856,韩斌,男,高三,9,169.3,2024-03-15
20233020857,于娟,女,高三,2,157.4,2024-03-15
20233070858,陈旭,男,高三,7,176.1,2024-03-15
20233070859,叶明,男,高三,7,169.4,2024-03-15
20233050860,何刚,男,高三,5,177.1,2024-03-15
20233060861,郑媛,女,高三,6,163.1,2024-03-15
20233040862,陈颖,女,高三,4,153.7,2024-03-15
20233100863,黄超,男,高三,10,183.1,2024-03-15
20233030864,邓志,男,高三,3,184.7,2024-03-15
20233070865,赵晶,女,高三,7,158.6,2024-03-15
20233040866,邓倩,女,高三,4,159.9,2024-03-15
20233050867,赵艳,女,高三,5,163.6,2024-03-15
20233050868,魏阳,男,高三,5,175.2,2024-03-15
20233040869,郑超,男,高三,4,177.3,2024-03-15
20233040870,谢昊,男,高三,4,186.1,2024-03-15
20233050871,何峰,男,高三,5,171.8,2024-03-15
20233070872,邓天,男,高三,7,167.8,2024-03-15
20233020873,曹杰,男,高三,2,164.0,2024-03-15
20233020874,张军,男,高三,2,168.2,2024-03-15
20233030875,马昊,男,高三,3,172.8,2024-03-15
20233020876,于璐,女,高三,2,171.9,2024-03-15
20233020877,王丽,女,高三,2,159.2,2024-03-15
20233080878,周勇,男,高三,8,174.5,2024-03-15
20233020879,李茹,女,高三,2,161.9,2024-03-15
20233030880,潘翔,男,高三,3,180.7,2024-03-15
20233080881,王莹,女,高三,8,175.9,2024-03-15
20233030882,谢慧,女,高三,3,159.1,2024-03-15
20233050883,高凯,男,高三,5,169.8,2024-03-15
20233010884,蔡锋,男,高三,1,179.8,2024-03-15
20233050885,曾瑞,男,高三,5,177.4,2024-03-15
20233010886,杨兰,女,高三,1,172.2,2024-03-15
20233030887,韩颖,女,高三,3,165.2,2024-03-15
20233090888,王晨,男,高三,9,170.7,2024-03-15
20233080889,董梅,女,高三,8,165.2,2024-03-15
20233100890,肖欣,女,高三,10,168.1,2024-03-15
20233050891,孙娜,女,高三,5,166.5,2024-03-15
20233100892,胡娜,女,高三,10,164.8,2024-03-15
20233010893,彭薇,女,高三,1,167.9,2024-03-15
20233100894,胡婷,女,高三,10,168.4,2024-03-15
20233040895,叶浩,男,高三,4,182.0,2024-03-15
20233090896,丁静,女,高三,9,165.6,2024-03-15
20233100897,唐林,男,高三,10,171.9,2024-03-15
20233030898,郭旭,男,高三,3,174.0,2024-03-15
20233060899,于娜,女,高三,6,168.6,2024-03-15
20233100900,潘玲,女,高三,10,157.5,2024-03-15
20233080901,董龙,男,高三,8,175.4,2024-03-15
20233080902,李勇,男,高三,8,170.4,2024-03-15
20233040903,蒋宇,男,高三,4,173.2,2024-03-15
20233090904,彭伟,男,高三,9,181.3,2024-03-15
20233100905,马平,女,高三,10,163.1,2024-03-15
20233030906,郑静,女,高三,3,162.3,2024-03-15
20233030907,于超,男,高三,3,164.2,2024-03-15
20233090908,宋洋,男,高三,9,177.9,2024-03-15
20233070909,于娟,女,高三,7,165.6,2024-03-15
20233050910,郑平,女,高三,5,173.9,2024-03-15
20233070911,余飞,男,高三,7,171.0,2024-03-15
20233030912,魏晴,女,高三,3,163.2,2024-03-15
20233040913,叶璐,女,高三,4,163.4,2024-03-15
20233070914,罗斌,男,高三,7,183.3,2024-03-15
20233030915,吕伟,男,高三,3,172.4,2024-03-15
20233100916,李雪,女,高三,10,163.5,2024-03-15
20233100917,胡彤,女,高三,10,165.3,2024-03-15
20233080918,吴毅,男,高三,8,174.2,2024-03-15
20233040919,谢刚,男,高三,4,170.1,2024-03-15
20233020920,魏毅,男,高三,2,174.3,2024-03-15
20233010921,何慧,女,高三,1,167.9,2024-03-15
20233020922,谢博,男,高三,2,166.3,2024-03-15
20233010923,刘晨,男,高三,1,173.9,2024-03-15
20233070924,徐琳,女,高三,7,158.1,2024-03-15
20233070925,谢晶,女,高三,7,168.6,2024-03-15
20233020926,彭彤,女,高三,2,153.6,2024-03-15
20233030927,邓洋,男,高三,3,169.4,2024-03-15
20233050928,王刚,男,高三,5,175.5,2024-03-15
20233020929,陈怡,女,高三,2,170.6,2024-03-15
20233070930,徐洋,男,高三,7,172.6,2024-03-15
20233060931,蒋锋,男,高三,6,169.4,2024-03-15
20233010932,冯婷,女,高三,1,172.3,2024-03-15
20233030933,刘娟,女,高三,3,154.0,2024-03-15
20233040934,马琳,女,高三,4,149.9,2024-03-15
20233050935,罗英,女,高三,5,164.4,2024-03-15
20233010936,许宁,男,高三,1,169.7,2024-03-15
20233030937,刘月,女,高三,3,156.4,2024-03-15
20233070938,杨斌,男,高三,7,177.6,2024-03-15
20233040939,黄娜,女,高三,4,163.3,2024-03-15
20233030940,余斌,男,高三,3,169.3,2024-03-15
20233080941,赵龙,男,高三,8,164.7,2024-03-15
20233080942,曾华,女,高三,8,166.8,2024-03-15
20233090943,唐峰,男,高三,9,177.2,2024-03-15
20233070944,宋雪,女,高三,7,161.5,2024-03-15
20233010945,何媛,女,高三,1,172.2,2024-03-15
20233050946,胡兰,女,高三,5,156.1,2024-03-15
20233030947,任杰,男,高三,3,163.1,2024-03-15
20233060948,董瑞,男,高三,6,168.5,2024-03-15
20233090949,刘晨,男,高三,9,172.7,2024-03-15
20233090950,程燕,女,高三,9,163.3,2024-03-15
20233080951,罗勇,男,高三,8,171.4,2024-03-15
20233010952,肖彤,女,高三,1,163.9,2024-03-15
20233020953,任凯,男,高三,2,164.9,2024-03-15
20233030954,朱建,男,高三,3,182.4,2024-03-15
20233010955,冯勇,男,高三,1,172.5,2024-03-15
20233040956,余玲,女,高三,4,168.1,2024-03-15
20233060957,吕丽,女,高三,6,163.9,2024-03-15
20233070958,袁昊,男,高三,7,176.0,2024-03-15
20233050959,田茹,女,高三,5,165.1,2024-03-15
20233100960,于帅,男,高三,10,175.9,2024-03-15
20233020961,韩玲,女,高三,2,165.5,2024-03-15
20233100962,于旭,男,高三,10,181.6,2024-03-15
20233020963,潘杰,男,高三,2,174.3,2024-03-15
20233090964,谢琳,女,高三,9,165.9,2024-03-15
20233070965,杜梅,女,高三,7,161.5,2024-03-15
20233010966,孙兰,女,高三,1,169.9,2024-03-15
20233030967,蔡菲,女,高三,3,158.3,2024-03-15
20233010968,许怡,女,高三,1,171.9,2024-03-15
20233010969,丁鹏,男,高三,1,172.7,2024-03-15
20233060970,王怡,女,高三,6,154.1,2024-03-15
20233050971,高梅,女,高三,5,162.7,2024-03-15
20233040972,周龙,男,高三,4,168.6,2024-03-15
20233060973,高琳,女,高三,6,166.6,2024-03-15
20233040974,邓辉,男,高三,4,168.8,2024-03-15
20233080975,任薇,女,高三,8,159.5,2024-03-15
20233010976,肖婷,女,高三,1,151.6,2024-03-15
20233050977,魏鑫,男,高三,5,170.1,2024-03-15
20233030978,沈薇,女,高三,3,148.7,2024-03-15
20233030979,马建,男,高三,3,162.7,2024-03-15
20233040980,李志,男,高三,4,177.9,2024-03-15
20233060981,魏建,男,高三,6,178.1,2024-03-15
20233060982,曹莉,女,高三,6,164.3,2024-03-15
20233020983,程娜,女,高三,2,156.7,2024-03-15
20233060984,曾阳,男,高三,6,172.7,2024-03-15
20233030985,彭璐,女,高三,3,162.0,2024-03-15
20233060986,徐华,女,高三,6,155.6,2024-03-15
20233050987,王晨,男,高三,5,182.8,2024-03-15
20233030988,潘辉,男,高三,3,178.7,2024-03-15
20233040989,程辉,男,高三,4,171.6,2024-03-15
20233070990,肖娜,女,高三,7,162.1,2024-03-15
20233080991,周峰,男,高三,8,174.4,2024-03-15
20233040992,何阳,男,高三,4,159.7,2024-03-15
20233050993,冯莹,女,高三,5,160.6,2024-03-15
20233080994,何慧,女,高三,8,158.2,2024-03-15
20233050995,程薇,女,高三,5,156.5,2024-03-15
20233100996,黄芳,女,高三,10,160.5,2024-03-15
20233090997,杜菲,女,高三,9,171.9,2024-03-15
20233050998,程娟,女,高三,5,165.5,2024-03-15
20233020999,梁兰,女,高三,2,158.9,2024-03-15
